{
    "total_monthly_precipitation": {
        "1": 1690,
        "2": 730,
        "3": 870,
        "4": 749,
        "5": 911,
        "6": 568,
        "7": 54,
        "8": 51,
        "9": 902,
        "10": 908,
        "11": 1090,
        "12": 2249
    },
    "total_yearly_precipitation": 10772,
    "relative_yearly_precipitation": {
        "1": 0.15688822874118083,
        "2": 0.06776828815447457,
        "3": 0.08076494615670256,
        "4": 0.0695321203119198,
        "5": 0.08457111028592648,
        "6": 0.05272929818046788,
        "7": 0.005012996658002228,
        "8": 0.004734496843668771,
        "9": 0.0837356108429261,
        "10": 0.08429261047159302,
        "11": 0.10118826587448941,
        "12": 0.20878202747864835
    }
}