{
    "Seattle": {
        "total_monthly_precipitation": [
            1690,
            730,
            870,
            749,
            911,
            568,
            54,
            51,
            902,
            908,
            1090,
            2249
        ],
        "total_yearly_precipitation": 10772,
        "relative_monthly_precipitation": [
            0.15688822874118083,
            0.06776828815447457,
            0.08076494615670256,
            0.0695321203119198,
            0.08457111028592648,
            0.05272929818046788,
            0.005012996658002228,
            0.004734496843668771,
            0.0837356108429261,
            0.08429261047159302,
            0.10118826587448941,
            0.20878202747864835
        ]
    }
}